dataset_accession	repository	record_type	file_name	file_category	source_url	size_bytes	remote_checksum	remote_checksum_algorithm	path	sha256	status	retrieved_at
GSE142712	GEO	metadata_cache	GSE142712.json	official_metadata	https://www.ncbi.nlm.nih.gov/geo/query/acc.cgi?acc=GSE142712&targ=self&form=text&view=brief	72842			cache/geo/GSE142712.json	a756913a3372b3a72f3ca6907c6a45baecdc2481aabb754d1012e34be123c385	cached	2026-07-20T14:41:46.358474+00:00
GSE142712	GEO	source_file	GSE142712_RAW.tar	supplementary	ftp://ftp.ncbi.nlm.nih.gov/geo/series/GSE142nnn/GSE142712/suppl/GSE142712_RAW.tar						remote_only	2026-07-20T14:41:46.358474+00:00
GSE142712	GEO	sra_metadata_cache	SRP239045.json	official_sra_metadata	https://eutils.ncbi.nlm.nih.gov/entrez/eutils/efetch.fcgi?db=sra&id=9772311%2C9772310%2C9772309%2C9772308%2C9772307%2C9772306%2C9772305%2C9772304%2C9772303%2C9772302%2C9772301%2C9772300%2C9772299%2C9772298%2C9772297%2C9772296%2C9772295%2C9772294&rettype=runinfo&retmode=text	10561			cache/sra/SRP239045.json	ce660312ec491001b3d045c0a5d6b857d92ae90d4dd7b727ee4ac65bff010987	cached	2026-07-20T14:50:06.077452+00:00
GSE142713	GEO	metadata_cache	GSE142713.json	official_metadata	https://www.ncbi.nlm.nih.gov/geo/query/acc.cgi?acc=GSE142713&targ=self&form=text&view=brief	22972			cache/geo/GSE142713.json	60c39919cedb00a956fbff4a85f499bdd2713604345d1fa4b9ca4d9fff7613a5	cached	2026-07-20T14:41:42.324087+00:00
GSE142713	GEO	source_file	GSE142713_WT-vs-J6.all.annot.txt.gz	supplementary	ftp://ftp.ncbi.nlm.nih.gov/geo/series/GSE142nnn/GSE142713/suppl/GSE142713_WT-vs-J6.all.annot.txt.gz						remote_only	2026-07-20T14:41:42.324087+00:00
GSE142713	GEO	sra_metadata_cache	SRP239046.json	official_sra_metadata	https://eutils.ncbi.nlm.nih.gov/entrez/eutils/efetch.fcgi?db=sra&id=9772317%2C9772316%2C9772315%2C9772314%2C9772313%2C9772312&rettype=runinfo&retmode=text	5072			cache/sra/SRP239046.json	fb60f6fe180760d4e675c24e6cc02464bad6e2f3c87265bb1407294935cf627a	cached	2026-07-20T14:50:02.607330+00:00
GSE163745	GEO	metadata_cache	GSE163745.json	official_metadata	https://www.ncbi.nlm.nih.gov/geo/query/acc.cgi?acc=GSE163745&targ=self&form=text&view=brief	30618			cache/geo/GSE163745.json	20f52bd62689003b8d7185167c6e18ec70b9e1178da3342134a447c138c5f228	cached	2026-07-20T14:41:38.663028+00:00
GSE163745	GEO	source_file	GSE163745_Read.counts.txt.gz	supplementary	ftp://ftp.ncbi.nlm.nih.gov/geo/series/GSE163nnn/GSE163745/suppl/GSE163745_Read.counts.txt.gz						remote_only	2026-07-20T14:41:38.663028+00:00
GSE163745	GEO	sra_metadata_cache	SRP299054.json	official_sra_metadata	https://eutils.ncbi.nlm.nih.gov/entrez/eutils/efetch.fcgi?db=sra&id=12714475%2C12714474%2C12714473%2C12714472%2C12714471%2C12714470%2C12714469%2C12714468&rettype=runinfo&retmode=text	5622			cache/sra/SRP299054.json	5a8386e1830c4b1fb36b7b2a59099dcd097f49435e4241117d69f6d977a796fe	cached	2026-07-20T14:49:59.280989+00:00
GSE267238	GEO	metadata_cache	GSE267238.json	official_metadata	https://www.ncbi.nlm.nih.gov/geo/query/acc.cgi?acc=GSE267238&targ=self&form=text&view=brief	32813			cache/geo/GSE267238.json	65afacd02e50f099d3ceae2d26cced8d1913db2a302f68dc85d1ce9b075f0321	cached	2026-07-20T14:41:50.390969+00:00
GSE267238	GEO	source_file	GSE267238_gene_count.txt.gz	supplementary	ftp://ftp.ncbi.nlm.nih.gov/geo/series/GSE267nnn/GSE267238/suppl/GSE267238_gene_count.txt.gz						remote_only	2026-07-20T14:41:50.390969+00:00
GSE267238	GEO	source_file	GSE267238_gene_fpkm.txt.gz	supplementary	ftp://ftp.ncbi.nlm.nih.gov/geo/series/GSE267nnn/GSE267238/suppl/GSE267238_gene_fpkm.txt.gz						remote_only	2026-07-20T14:41:50.390969+00:00
GSE267238	GEO	source_file	GSE267238_novel_gene.txt.gz	supplementary	ftp://ftp.ncbi.nlm.nih.gov/geo/series/GSE267nnn/GSE267238/suppl/GSE267238_novel_gene.txt.gz						remote_only	2026-07-20T14:41:50.390969+00:00
GSE267238	GEO	sra_metadata_cache	PRJNA1110595.json	official_sra_metadata	https://eutils.ncbi.nlm.nih.gov/entrez/eutils/efetch.fcgi?db=sra&id=32845583%2C32845582%2C32845581%2C32845580%2C32845579%2C32845578%2C32845577%2C32845576%2C32845575%2C32845574%2C32845573%2C32845572&rettype=runinfo&retmode=text	8465			cache/sra/PRJNA1110595.json	031a6dc4f67aea7516a3a7bdc21d2e518053c35ca5b776bcd25c024026d593f4	cached	2026-07-20T14:50:10.424373+00:00
PXD006140	PRIDE	metadata_cache	PXD006140.json	official_metadata	https://www.ebi.ac.uk/pride/ws/archive/v3/projects/PXD006140	23048			cache/pride/PXD006140.json	642ae3891e3dc4c131a95b3cb80c6593c511fcd9bf0fb57ffbdb0956eba9d0a3	cached	2026-07-20T14:41:10.993811+00:00
PXD006140	PRIDE	source_file	20150821_01_AAroca_TMT6plex.cmpd.mgf.K.2015_09_22_17_33_15.t.xml	OTHER	ftp://ftp.pride.ebi.ac.uk/pride/data/archive/2018/10/PXD006140/20150821_01_AAroca_TMT6plex.cmpd.mgf.K.2015_09_22_17_33_15.t.xml	367948757	67697fea31495890439ada7dcb258ccc9b979a54	SHA1			remote_only	2026-07-20T14:41:10.993811+00:00
PXD006140	PRIDE	source_file	20150821_01_AAroca_TMT6plex.cmpd.mgf.K.2015_09_22_18_13_58.t.xml	OTHER	ftp://ftp.pride.ebi.ac.uk/pride/data/archive/2018/10/PXD006140/20150821_01_AAroca_TMT6plex.cmpd.mgf.K.2015_09_22_18_13_58.t.xml	370466629	f7c7d4ff494aeaca669792a8ab8d4622335970f3	SHA1			remote_only	2026-07-20T14:41:10.993811+00:00
PXD006140	PRIDE	source_file	20150821_01_AAroca_TMT6plex.cmpd.mgf.T.2015_09_22_17_10_52.t.xml	OTHER	ftp://ftp.pride.ebi.ac.uk/pride/data/archive/2018/10/PXD006140/20150821_01_AAroca_TMT6plex.cmpd.mgf.T.2015_09_22_17_10_52.t.xml	221397438	41108c3e3f112be1f6deefd3c4c53098aa42e120	SHA1			remote_only	2026-07-20T14:41:10.993811+00:00
PXD006140	PRIDE	source_file	20150821_01_AAroca_TMT6plex.cmpd.mgf.T.2015_09_22_17_16_29.t.xml	OTHER	ftp://ftp.pride.ebi.ac.uk/pride/data/archive/2018/10/PXD006140/20150821_01_AAroca_TMT6plex.cmpd.mgf.T.2015_09_22_17_16_29.t.xml	223657020	c58e2009cdac90e2167bd66042177332eecea1b6	SHA1			remote_only	2026-07-20T14:41:10.993811+00:00
PXD006140	PRIDE	source_file	20150821_01_AAroca_TMT6plex.cmpd.mzXML	RAW	ftp://ftp.pride.ebi.ac.uk/pride/data/archive/2018/10/PXD006140/20150821_01_AAroca_TMT6plex.cmpd.mzXML	199064608	4c1220e096e6a4d80e073496db47e1ed9b192a8a	SHA1			remote_only	2026-07-20T14:41:10.993811+00:00
PXD006140	PRIDE	source_file	F105505.AAroca.mods.dat	SEARCH	ftp://ftp.pride.ebi.ac.uk/pride/data/archive/2018/10/PXD006140/F105505.AAroca.mods.dat	221237255	a0abddfac84841dfa0b19f0593cf615c23b49167	SHA1			remote_only	2026-07-20T14:41:10.993811+00:00
PXD006140	PRIDE	source_file	F105506.AAroca.dat	SEARCH	ftp://ftp.pride.ebi.ac.uk/pride/data/archive/2018/10/PXD006140/F105506.AAroca.dat	219161084	7abd860eeda7d15cacfc188ca9a93e768d9af646	SHA1			remote_only	2026-07-20T14:41:10.993811+00:00
PXD006140	PRIDE	source_file	omssa.20150821_01_AAroca_TMT6plex.cmpd.mgf.txt	OTHER	ftp://ftp.pride.ebi.ac.uk/pride/data/archive/2018/10/PXD006140/omssa.20150821_01_AAroca_TMT6plex.cmpd.mgf.txt	18002787	45575a5c3b20888c6dcff1a0d5ee24e79b668bce	SHA1			remote_only	2026-07-20T14:41:10.993811+00:00
PXD006140	PRIDE	source_file	omssa.ne.20150821_01_AAroca_TMT6plex.cmpd.mgf.txt	OTHER	ftp://ftp.pride.ebi.ac.uk/pride/data/archive/2018/10/PXD006140/omssa.ne.20150821_01_AAroca_TMT6plex.cmpd.mgf.txt	18392921	632f498e234282fc99850631ac5310dc04814677	SHA1			remote_only	2026-07-20T14:41:10.993811+00:00
PXD024061	PRIDE	metadata_cache	PXD024061.json	official_metadata	https://www.ebi.ac.uk/pride/ws/archive/v3/projects/PXD024061	48182			cache/pride/PXD024061.json	695e4267b02daf32cb6c50d79290cf649f8c7d9c1e22d818378656dbceac22f0	cached	2026-07-20T14:41:15.922944+00:00
PXD024061	PRIDE	source_file	20200721_OR15_UM2_zenez001_SA_EPICXS_persulfProject_MN1.raw	RAW	ftp://ftp.pride.ebi.ac.uk/pride/data/archive/2021/09/PXD024061/20200721_OR15_UM2_zenez001_SA_EPICXS_persulfProject_MN1.raw	2540915056	fb4f502d42619bc7d34af3f9ac5e9a2e9d31122d	SHA1			remote_only	2026-07-20T14:41:15.922944+00:00
PXD024061	PRIDE	source_file	20200721_OR15_UM2_zenez001_SA_EPICXS_persulfProject_MN2.raw	RAW	ftp://ftp.pride.ebi.ac.uk/pride/data/archive/2021/09/PXD024061/20200721_OR15_UM2_zenez001_SA_EPICXS_persulfProject_MN2.raw	2601960520	1d24638fd86b36f326d79eef9bcd76487409d760	SHA1			remote_only	2026-07-20T14:41:15.922944+00:00
PXD024061	PRIDE	source_file	20200721_OR15_UM2_zenez001_SA_EPICXS_persulfProject_MN3.raw	RAW	ftp://ftp.pride.ebi.ac.uk/pride/data/archive/2021/09/PXD024061/20200721_OR15_UM2_zenez001_SA_EPICXS_persulfProject_MN3.raw	2645212315	801130095b024ea3396baf40694fd4c6bbcdc497	SHA1			remote_only	2026-07-20T14:41:15.922944+00:00
PXD024061	PRIDE	source_file	20200721_OR15_UM2_zenez001_SA_EPICXS_persulfProject_MN4.raw	RAW	ftp://ftp.pride.ebi.ac.uk/pride/data/archive/2021/09/PXD024061/20200721_OR15_UM2_zenez001_SA_EPICXS_persulfProject_MN4.raw	2597558637	8bfb4253d3b18e5d7888ae2ba1f8d7a241b91636	SHA1			remote_only	2026-07-20T14:41:15.922944+00:00
PXD024061	PRIDE	source_file	20200721_OR15_UM2_zenez001_SA_EPICXS_persulfProject_PN1.raw	RAW	ftp://ftp.pride.ebi.ac.uk/pride/data/archive/2021/09/PXD024061/20200721_OR15_UM2_zenez001_SA_EPICXS_persulfProject_PN1.raw	2782254238	dd948f4e82f3e99c0ca055d73754b4fa9c4eb5b0	SHA1			remote_only	2026-07-20T14:41:15.922944+00:00
PXD024061	PRIDE	source_file	20200721_OR15_UM2_zenez001_SA_EPICXS_persulfProject_PN2.raw	RAW	ftp://ftp.pride.ebi.ac.uk/pride/data/archive/2021/09/PXD024061/20200721_OR15_UM2_zenez001_SA_EPICXS_persulfProject_PN2.raw	2663368517	ff90e3bb2bbe367c7f93bf24983ba57a9503e265	SHA1			remote_only	2026-07-20T14:41:15.922944+00:00
PXD024061	PRIDE	source_file	20200721_OR15_UM2_zenez001_SA_EPICXS_persulfProject_PN3.raw	RAW	ftp://ftp.pride.ebi.ac.uk/pride/data/archive/2021/09/PXD024061/20200721_OR15_UM2_zenez001_SA_EPICXS_persulfProject_PN3.raw	2634276335	949f873c48f3658a70b0a234e37d1b3a23d24621	SHA1			remote_only	2026-07-20T14:41:15.922944+00:00
PXD024061	PRIDE	source_file	20200721_OR15_UM2_zenez001_SA_EPICXS_persulfProject_PN4.raw	RAW	ftp://ftp.pride.ebi.ac.uk/pride/data/archive/2021/09/PXD024061/20200721_OR15_UM2_zenez001_SA_EPICXS_persulfProject_PN4.raw	2685485257	cd6a335e5ccd66296acdf53de6f9da08f9e59f8f	SHA1			remote_only	2026-07-20T14:41:15.922944+00:00
PXD024061	PRIDE	source_file	20200721_OR15_UM2_zenez001_SA_EPICXS_persulfProject_S11.raw	RAW	ftp://ftp.pride.ebi.ac.uk/pride/data/archive/2021/09/PXD024061/20200721_OR15_UM2_zenez001_SA_EPICXS_persulfProject_S11.raw	2712219958	7ccaf3d4a09d0bca7f3ed4ebc4e94cdfe6f0cfca	SHA1			remote_only	2026-07-20T14:41:15.922944+00:00
PXD024061	PRIDE	source_file	20200721_OR15_UM2_zenez001_SA_EPICXS_persulfProject_S12.raw	RAW	ftp://ftp.pride.ebi.ac.uk/pride/data/archive/2021/09/PXD024061/20200721_OR15_UM2_zenez001_SA_EPICXS_persulfProject_S12.raw	2666435985	ec2e9962f6236d48e03f7236059d0c2abe2e9dea	SHA1			remote_only	2026-07-20T14:41:15.922944+00:00
PXD024061	PRIDE	source_file	20200721_OR15_UM2_zenez001_SA_EPICXS_persulfProject_S13.raw	RAW	ftp://ftp.pride.ebi.ac.uk/pride/data/archive/2021/09/PXD024061/20200721_OR15_UM2_zenez001_SA_EPICXS_persulfProject_S13.raw	2735131437	07b4978407f7f3f3e3d44be78122a9bd7324829e	SHA1			remote_only	2026-07-20T14:41:15.922944+00:00
PXD024061	PRIDE	source_file	20200721_OR15_UM2_zenez001_SA_EPICXS_persulfProject_S14.raw	RAW	ftp://ftp.pride.ebi.ac.uk/pride/data/archive/2021/09/PXD024061/20200721_OR15_UM2_zenez001_SA_EPICXS_persulfProject_S14.raw	2754485668	1aa375781f01c0845328328a2a58f4ca3bb58fb9	SHA1			remote_only	2026-07-20T14:41:15.922944+00:00
PXD024061	PRIDE	source_file	20200721_OR15_UM2_zenez001_SA_EPICXS_persulfProject_S21.raw	RAW	ftp://ftp.pride.ebi.ac.uk/pride/data/archive/2021/09/PXD024061/20200721_OR15_UM2_zenez001_SA_EPICXS_persulfProject_S21.raw	2536413321	9e51a09d10841bf8e796166e92a222dc95fe6b69	SHA1			remote_only	2026-07-20T14:41:15.922944+00:00
PXD024061	PRIDE	source_file	20200721_OR15_UM2_zenez001_SA_EPICXS_persulfProject_S22.raw	RAW	ftp://ftp.pride.ebi.ac.uk/pride/data/archive/2021/09/PXD024061/20200721_OR15_UM2_zenez001_SA_EPICXS_persulfProject_S22.raw	2631780511	fd38a3858149a16f35a7e5f7369791dcc29a11dc	SHA1			remote_only	2026-07-20T14:41:15.922944+00:00
PXD024061	PRIDE	source_file	20200721_OR15_UM2_zenez001_SA_EPICXS_persulfProject_S23.raw	RAW	ftp://ftp.pride.ebi.ac.uk/pride/data/archive/2021/09/PXD024061/20200721_OR15_UM2_zenez001_SA_EPICXS_persulfProject_S23.raw	2701124698	164006963127f45a36c0a60d81a64b8596c18c83	SHA1			remote_only	2026-07-20T14:41:15.922944+00:00
PXD024061	PRIDE	source_file	20200721_OR15_UM2_zenez001_SA_EPICXS_persulfProject_S24.raw	RAW	ftp://ftp.pride.ebi.ac.uk/pride/data/archive/2021/09/PXD024061/20200721_OR15_UM2_zenez001_SA_EPICXS_persulfProject_S24.raw	2599550198	5aaac169841d51a57230c325925101ba25c257db	SHA1			remote_only	2026-07-20T14:41:15.922944+00:00
PXD024061	PRIDE	source_file	20200721_OR15_UM2_zenez001_SA_EPICXS_persulfProject_S31.raw	RAW	ftp://ftp.pride.ebi.ac.uk/pride/data/archive/2021/09/PXD024061/20200721_OR15_UM2_zenez001_SA_EPICXS_persulfProject_S31.raw	2593281144	ca9f18a04a5112b9ede29a784a72a1b663ac3c04	SHA1			remote_only	2026-07-20T14:41:15.922944+00:00
PXD024061	PRIDE	source_file	20200721_OR15_UM2_zenez001_SA_EPICXS_persulfProject_S32.raw	RAW	ftp://ftp.pride.ebi.ac.uk/pride/data/archive/2021/09/PXD024061/20200721_OR15_UM2_zenez001_SA_EPICXS_persulfProject_S32.raw	2378578402	f47d83a528d5e4b1e21ec445b24531260bf431b4	SHA1			remote_only	2026-07-20T14:41:15.922944+00:00
PXD024061	PRIDE	source_file	20200721_OR15_UM2_zenez001_SA_EPICXS_persulfProject_S33.raw	RAW	ftp://ftp.pride.ebi.ac.uk/pride/data/archive/2021/09/PXD024061/20200721_OR15_UM2_zenez001_SA_EPICXS_persulfProject_S33.raw	2562712736	59686022f362d5992b3be78e69f40cc36381797c	SHA1			remote_only	2026-07-20T14:41:15.922944+00:00
PXD024061	PRIDE	source_file	20200721_OR15_UM2_zenez001_SA_EPICXS_persulfProject_S34.raw	RAW	ftp://ftp.pride.ebi.ac.uk/pride/data/archive/2021/09/PXD024061/20200721_OR15_UM2_zenez001_SA_EPICXS_persulfProject_S34.raw	2546328407	282667a2dee208e782b18e021a616a945c671078	SHA1			remote_only	2026-07-20T14:41:15.922944+00:00
PXD024061	PRIDE	source_file	20200721_OR15_UM2_zenez001_SA_EPICXS_persulfProject_S41.raw	RAW	ftp://ftp.pride.ebi.ac.uk/pride/data/archive/2021/09/PXD024061/20200721_OR15_UM2_zenez001_SA_EPICXS_persulfProject_S41.raw	2529815589	5a611552ea78efda57d9412f3aed083e540872a3	SHA1			remote_only	2026-07-20T14:41:15.922944+00:00
PXD024061	PRIDE	source_file	20200721_OR15_UM2_zenez001_SA_EPICXS_persulfProject_S42.raw	RAW	ftp://ftp.pride.ebi.ac.uk/pride/data/archive/2021/09/PXD024061/20200721_OR15_UM2_zenez001_SA_EPICXS_persulfProject_S42.raw	2541757316	58f4bda5ccf4ba637174e26519f6e7bffe157ef3	SHA1			remote_only	2026-07-20T14:41:15.922944+00:00
PXD024061	PRIDE	source_file	20200721_OR15_UM2_zenez001_SA_EPICXS_persulfProject_S43.raw	RAW	ftp://ftp.pride.ebi.ac.uk/pride/data/archive/2021/09/PXD024061/20200721_OR15_UM2_zenez001_SA_EPICXS_persulfProject_S43.raw	2472875757	5e9c77bf92266fb9f5aadac8c6afcece0309baff	SHA1			remote_only	2026-07-20T14:41:15.922944+00:00
PXD024061	PRIDE	source_file	20200721_OR15_UM2_zenez001_SA_EPICXS_persulfProject_S44.raw	RAW	ftp://ftp.pride.ebi.ac.uk/pride/data/archive/2021/09/PXD024061/20200721_OR15_UM2_zenez001_SA_EPICXS_persulfProject_S44.raw	2528401954	aaa39b2a17f7b68938215552e1c9f1ba34a137e8	SHA1			remote_only	2026-07-20T14:41:15.922944+00:00
PXD024061	PRIDE	source_file	arabidopsis_uniprot_072020_identified.fasta	FASTA	ftp://ftp.pride.ebi.ac.uk/pride/data/archive/2021/09/PXD024061/arabidopsis_uniprot_072020_identified.fasta	4577304	24cd69e46d43d1c3e4fdf62110ddba54f2fb6bc9	SHA1			remote_only	2026-07-20T14:41:15.922944+00:00
PXD024061	PRIDE	source_file	checksum.txt	OTHER	ftp://ftp.pride.ebi.ac.uk/pride/data/archive/2021/09/PXD024061/checksum.txt	3056	77942ce00634b0838a7d26c0315bda045c88b01a	SHA1			remote_only	2026-07-20T14:41:15.922944+00:00
PXD024061	PRIDE	source_file	txt_persulfproject.zip	SEARCH	ftp://ftp.pride.ebi.ac.uk/pride/data/archive/2021/09/PXD024061/txt_persulfproject.zip	2417963957	d0cbe145397569a685adb004ff25018edae81f88	SHA1			remote_only	2026-07-20T14:41:15.922944+00:00
PXD035795	PRIDE	metadata_cache	PXD035795.json	official_metadata	https://www.ebi.ac.uk/pride/ws/archive/v3/projects/PXD035795	38713			cache/pride/PXD035795.json	f8cc1ce234836f6d5ad89b43b5319ff599510ea931ec19d9f2d81472a40568dd	cached	2026-07-20T14:41:22.126465+00:00
PXD035795	PRIDE	source_file	0h202.mgf	PEAK	ftp://ftp.pride.ebi.ac.uk/pride/data/archive/2023/02/PXD035795/0h202.mgf	101517064	3db9c8e2904c25be72b98321a1b6e4624953fd0d	SHA1			remote_only	2026-07-20T14:41:22.126465+00:00
PXD035795	PRIDE	source_file	0h203.mgf	PEAK	ftp://ftp.pride.ebi.ac.uk/pride/data/archive/2023/02/PXD035795/0h203.mgf	90333557	f08d5b964e7f37300e5febc78003a4a5d66b29b5	SHA1			remote_only	2026-07-20T14:41:22.126465+00:00
PXD035795	PRIDE	source_file	0h25201.mgf	PEAK	ftp://ftp.pride.ebi.ac.uk/pride/data/archive/2023/02/PXD035795/0h25201.mgf	104053659	e26a661777588169535535752e41bb2adabc0776	SHA1			remote_only	2026-07-20T14:41:22.126465+00:00
PXD035795	PRIDE	source_file	3d201.mgf	PEAK	ftp://ftp.pride.ebi.ac.uk/pride/data/archive/2023/02/PXD035795/3d201.mgf	57079647	6fe52746363edd2a514df5436fddae7527462d89	SHA1			remote_only	2026-07-20T14:41:22.126465+00:00
PXD035795	PRIDE	source_file	3d202.mgf	PEAK	ftp://ftp.pride.ebi.ac.uk/pride/data/archive/2023/02/PXD035795/3d202.mgf	75853420	6b3ee55f2aa896b8124c63c14db019560faf7500	SHA1			remote_only	2026-07-20T14:41:22.126465+00:00
PXD035795	PRIDE	source_file	3d203.mgf	PEAK	ftp://ftp.pride.ebi.ac.uk/pride/data/archive/2023/02/PXD035795/3d203.mgf	78912164	b2bce7ebae5e61aac07196b807b7d04807f78f30	SHA1			remote_only	2026-07-20T14:41:22.126465+00:00
PXD035795	PRIDE	source_file	APC_rep1.mzxml	PEAK	ftp://ftp.pride.ebi.ac.uk/pride/data/archive/2023/02/PXD035795/APC_rep1.mzxml	772391499	fec662e5e6aa73c38eb49cf28bef23355a89af51	SHA1			remote_only	2026-07-20T14:41:22.126465+00:00
PXD035795	PRIDE	source_file	APC_rep1.raw	RAW	ftp://ftp.pride.ebi.ac.uk/pride/data/archive/2023/02/PXD035795/APC_rep1.raw	672636247	98c6db92b189cedd9836f56120238ba550283b62	SHA1			remote_only	2026-07-20T14:41:22.126465+00:00
PXD035795	PRIDE	source_file	APC_rep2.mzxml	PEAK	ftp://ftp.pride.ebi.ac.uk/pride/data/archive/2023/02/PXD035795/APC_rep2.mzxml	679052576	2ee3580260f93be5d7bbbc764e52670452a746c8	SHA1			remote_only	2026-07-20T14:41:22.126465+00:00
PXD035795	PRIDE	source_file	APC_rep2.raw	RAW	ftp://ftp.pride.ebi.ac.uk/pride/data/archive/2023/02/PXD035795/APC_rep2.raw	610288304	b729b2b55a295b3a5cbd9f2dcbb34d84b8583768	SHA1			remote_only	2026-07-20T14:41:22.126465+00:00
PXD035795	PRIDE	source_file	APC_rep3.mzxml	PEAK	ftp://ftp.pride.ebi.ac.uk/pride/data/archive/2023/02/PXD035795/APC_rep3.mzxml	674450110	ed51092d2e690ab69f4ea63c83c23c20777eab33	SHA1			remote_only	2026-07-20T14:41:22.126465+00:00
PXD035795	PRIDE	source_file	APC_rep3.raw	RAW	ftp://ftp.pride.ebi.ac.uk/pride/data/archive/2023/02/PXD035795/APC_rep3.raw	607698886	7b97e1db0586f784a5585738e1459ab2e42c6f0f	SHA1			remote_only	2026-07-20T14:41:22.126465+00:00
PXD035795	PRIDE	source_file	NPC_rep1.mzxml	PEAK	ftp://ftp.pride.ebi.ac.uk/pride/data/archive/2023/02/PXD035795/NPC_rep1.mzxml	656193136	007b79e13df15d54a2b00fc03c3b47040f58ce71	SHA1			remote_only	2026-07-20T14:41:22.126465+00:00
PXD035795	PRIDE	source_file	NPC_rep1.raw	RAW	ftp://ftp.pride.ebi.ac.uk/pride/data/archive/2023/02/PXD035795/NPC_rep1.raw	607127206	4fdf5400584c038cb1e10ed176600c4665f05d36	SHA1			remote_only	2026-07-20T14:41:22.126465+00:00
PXD035795	PRIDE	source_file	NPC_rep2.mzxml	PEAK	ftp://ftp.pride.ebi.ac.uk/pride/data/archive/2023/02/PXD035795/NPC_rep2.mzxml	646997498	b483afd2b8ae8c58b997baaa1e5ed075566f9496	SHA1			remote_only	2026-07-20T14:41:22.126465+00:00
PXD035795	PRIDE	source_file	NPC_rep2.raw	RAW	ftp://ftp.pride.ebi.ac.uk/pride/data/archive/2023/02/PXD035795/NPC_rep2.raw	597614801	1ebd05c55e6490bc51f467f9c7be0979b39e0df3	SHA1			remote_only	2026-07-20T14:41:22.126465+00:00
PXD035795	PRIDE	source_file	NPC_rep3.mzxml	PEAK	ftp://ftp.pride.ebi.ac.uk/pride/data/archive/2023/02/PXD035795/NPC_rep3.mzxml	654482508	c7a36b5c9b4f82e3a60e004b38ff7c135b72a014	SHA1			remote_only	2026-07-20T14:41:22.126465+00:00
PXD035795	PRIDE	source_file	NPC_rep3.raw	RAW	ftp://ftp.pride.ebi.ac.uk/pride/data/archive/2023/02/PXD035795/NPC_rep3.raw	597332168	7b95c7a8d856d71b41283b6f6b14e0fffd56d1a3	SHA1			remote_only	2026-07-20T14:41:22.126465+00:00
PXD035795	PRIDE	source_file	SDRF.txt	EXPERIMENTAL DESIGN	ftp://ftp.pride.ebi.ac.uk/pride/data/archive/2023/02/PXD035795/SDRF.txt	4671	757d36bda0795d074e6517819e8e18dc98df271a	SHA1			remote_only	2026-07-20T14:41:22.126465+00:00
PXD035795	PRIDE	source_file	checksum.txt	OTHER	ftp://ftp.pride.ebi.ac.uk/pride/data/archive/2023/02/PXD035795/checksum.txt	2753	76cf603ac24a02809b4f00fabb9c7eff88fddc3c	SHA1			remote_only	2026-07-20T14:41:22.126465+00:00
PXD035795	PRIDE	source_file	peptide.csv	OTHER	ftp://ftp.pride.ebi.ac.uk/pride/data/archive/2023/02/PXD035795/peptide.csv	1715391	1deee13bedb99221ffa6e4e3a920ec57ef599899	SHA1			remote_only	2026-07-20T14:41:22.126465+00:00
PXD035795	PRIDE	source_file	peptides_1_1_0.mzid.gz	RESULT	ftp://ftp.pride.ebi.ac.uk/pride/data/archive/2023/02/PXD035795/peptides_1_1_0.mzid.gz	1967088	efa9e8a79885a6fe796a127381a98debc22e9842	SHA1			remote_only	2026-07-20T14:41:22.126465+00:00
PXD035795	PRIDE	source_file	proteins.csv	OTHER	ftp://ftp.pride.ebi.ac.uk/pride/data/archive/2023/02/PXD035795/proteins.csv	494134	c7e3929045c8a9562d1bcd07d9015233841bc7a6	SHA1			remote_only	2026-07-20T14:41:22.126465+00:00
PXD038309	PRIDE	metadata_cache	PXD038309.json	official_metadata	https://www.ebi.ac.uk/pride/ws/archive/v3/projects/PXD038309	19468			cache/pride/PXD038309.json	288c7945b634d19260cb380e6d5b381565ae4335f01347187d9e1be012783969	cached	2026-08-10T18:26:44.835552+00:00
PXD038309	PRIDE	source_file	PRIDE_Sample_Description.txt	OTHER	ftp://ftp.pride.ebi.ac.uk/pride/data/archive/2023/05/PXD038309/PRIDE_Sample_Description.txt	370	acffd9a1175f3f4667bed5288947e50cc710f199	SHA1			remote_only	2026-08-10T18:26:44.835552+00:00
PXD038309	PRIDE	source_file	Q25105-22-84-04.raw	RAW	ftp://ftp.pride.ebi.ac.uk/pride/data/archive/2023/05/PXD038309/Q25105-22-84-04.raw	1066671676	075d8d126db9f64a4ab7066a97d7bc6d99e62180	SHA1			remote_only	2026-08-10T18:26:44.835552+00:00
PXD038309	PRIDE	source_file	Q25105-22-84-08.raw	RAW	ftp://ftp.pride.ebi.ac.uk/pride/data/archive/2023/05/PXD038309/Q25105-22-84-08.raw	1018351660	59ee04e1262bd0d96d89d54750f2f2e282879838	SHA1			remote_only	2026-08-10T18:26:44.835552+00:00
PXD038309	PRIDE	source_file	Q25105-22-84-12.raw	RAW	ftp://ftp.pride.ebi.ac.uk/pride/data/archive/2023/05/PXD038309/Q25105-22-84-12.raw	924831111	2aeb5de5553d132993df838d3609c36a09c1a7b5	SHA1			remote_only	2026-08-10T18:26:44.835552+00:00
PXD038309	PRIDE	source_file	Q25105-22-84-16.raw	RAW	ftp://ftp.pride.ebi.ac.uk/pride/data/archive/2023/05/PXD038309/Q25105-22-84-16.raw	1003933270	2699a8f7ebdc0bbd017f452f1f9f295ca1bd17bd	SHA1			remote_only	2026-08-10T18:26:44.835552+00:00
PXD038309	PRIDE	source_file	Q25105-22-84-DCP-Bio_10ppm_0_2_Da.msf	SEARCH	ftp://ftp.pride.ebi.ac.uk/pride/data/archive/2023/05/PXD038309/Q25105-22-84-DCP-Bio_10ppm_0_2_Da.msf	2808934400	f76ead5028fe4b7f77d22f313b834d7c72a1bacf	SHA1			remote_only	2026-08-10T18:26:44.835552+00:00
PXD039999	PRIDE	metadata_cache	PXD039999.json	official_metadata	https://www.ebi.ac.uk/pride/ws/archive/v3/projects/PXD039999	26742			cache/pride/PXD039999.json	2e8b641d64d859796009770fcce7effe91f153b5c2178c4b8111e77ff52040c2	cached	2026-07-20T14:41:27.739855+00:00
PXD039999	PRIDE	source_file	220422_220405A_LRomero_C1_S1-G6_1_3082.d.7z	RAW	ftp://ftp.pride.ebi.ac.uk/pride/data/archive/2023/10/PXD039999/220422_220405A_LRomero_C1_S1-G6_1_3082.d.7z	8198784984	6170bbcc6df650e579247c23dfd42b66981c52c8	SHA1			remote_only	2026-07-20T14:41:27.739855+00:00
PXD039999	PRIDE	source_file	220422_220405A_LRomero_C1_S1-G6_1_3082_5.3.556.mgf	PEAK	ftp://ftp.pride.ebi.ac.uk/pride/data/archive/2023/10/PXD039999/220422_220405A_LRomero_C1_S1-G6_1_3082_5.3.556.mgf	526118353	45863fc9bac6fdb7aeefa74662dee6ef9f7bdfd4	SHA1			remote_only	2026-07-20T14:41:27.739855+00:00
PXD039999	PRIDE	source_file	220422_220405A_LRomero_C2_S1-G7_1_3083.d.7z	RAW	ftp://ftp.pride.ebi.ac.uk/pride/data/archive/2023/10/PXD039999/220422_220405A_LRomero_C2_S1-G7_1_3083.d.7z	8182915356	ecf4b450b2fdd45a805ea936f3b1d0cd35b3092e	SHA1			remote_only	2026-07-20T14:41:27.739855+00:00
PXD039999	PRIDE	source_file	220422_220405A_LRomero_C2_S1-G7_1_3083_5.3.556.mgf	PEAK	ftp://ftp.pride.ebi.ac.uk/pride/data/archive/2023/10/PXD039999/220422_220405A_LRomero_C2_S1-G7_1_3083_5.3.556.mgf	522039738	bceb4c7e0df15dfc36db6c2269f04a9e02e7a153	SHA1			remote_only	2026-07-20T14:41:27.739855+00:00
PXD039999	PRIDE	source_file	220422_220405A_LRomero_C3_S1-G8_1_3084.d.7z	RAW	ftp://ftp.pride.ebi.ac.uk/pride/data/archive/2023/10/PXD039999/220422_220405A_LRomero_C3_S1-G8_1_3084.d.7z	8095926343	57a1f360fcc8d79b02bb02f1ade4359f7f78fe56	SHA1			remote_only	2026-07-20T14:41:27.739855+00:00
PXD039999	PRIDE	source_file	220422_220405A_LRomero_C3_S1-G8_1_3084_5.3.556.mgf	PEAK	ftp://ftp.pride.ebi.ac.uk/pride/data/archive/2023/10/PXD039999/220422_220405A_LRomero_C3_S1-G8_1_3084_5.3.556.mgf	502132728	62b7dfe80ed3f4e6a72635deb64314b45829baca	SHA1			remote_only	2026-07-20T14:41:27.739855+00:00
PXD039999	PRIDE	source_file	220422_220405A_LRomero_S1_S1-G9_1_3085.d.7z	RAW	ftp://ftp.pride.ebi.ac.uk/pride/data/archive/2023/10/PXD039999/220422_220405A_LRomero_S1_S1-G9_1_3085.d.7z	8258050667	cf56d49d70fd4b1f68191a90308c5188a14c41ca	SHA1			remote_only	2026-07-20T14:41:27.739855+00:00
PXD039999	PRIDE	source_file	220422_220405A_LRomero_S1_S1-G9_1_3085_5.3.556.mgf	PEAK	ftp://ftp.pride.ebi.ac.uk/pride/data/archive/2023/10/PXD039999/220422_220405A_LRomero_S1_S1-G9_1_3085_5.3.556.mgf	530541443	9bdf76cdb9fc24857bd3d043c0b1eb1d4058c7f5	SHA1			remote_only	2026-07-20T14:41:27.739855+00:00
PXD039999	PRIDE	source_file	220422_220405A_LRomero_S2_S1-G10_1_3086.d.7z	RAW	ftp://ftp.pride.ebi.ac.uk/pride/data/archive/2023/10/PXD039999/220422_220405A_LRomero_S2_S1-G10_1_3086.d.7z	7921794472	19a2ea44315fc25b0eb0c77386615da3ccd1a966	SHA1			remote_only	2026-07-20T14:41:27.739855+00:00
PXD039999	PRIDE	source_file	220422_220405A_LRomero_S2_S1-G10_1_3086_5.3.556.mgf	PEAK	ftp://ftp.pride.ebi.ac.uk/pride/data/archive/2023/10/PXD039999/220422_220405A_LRomero_S2_S1-G10_1_3086_5.3.556.mgf	506862096	5115612c2d5ff74e37edec929337f839dd09056b	SHA1			remote_only	2026-07-20T14:41:27.739855+00:00
PXD039999	PRIDE	source_file	220422_220405A_LRomero_S3_S1-G11_1_3087.d.7z	RAW	ftp://ftp.pride.ebi.ac.uk/pride/data/archive/2023/10/PXD039999/220422_220405A_LRomero_S3_S1-G11_1_3087.d.7z	8112076091	d21c8e2a002b67e92708e6cad24ab5435a7e0d5d	SHA1			remote_only	2026-07-20T14:41:27.739855+00:00
PXD039999	PRIDE	source_file	220422_220405A_LRomero_S3_S1-G11_1_3087_5.3.556.mgf	PEAK	ftp://ftp.pride.ebi.ac.uk/pride/data/archive/2023/10/PXD039999/220422_220405A_LRomero_S3_S1-G11_1_3087_5.3.556.mgf	526042768	638c6048261703d45bedee6d697ee7d60706f5ad	SHA1			remote_only	2026-07-20T14:41:27.739855+00:00
PXD039999	PRIDE	source_file	checksum.txt	RAW	ftp://ftp.pride.ebi.ac.uk/pride/data/archive/2023/10/PXD039999/checksum.txt	1840	58b38fac806ddbbfda4e4362423ce4c869bd897f	SHA1			remote_only	2026-07-20T14:41:27.739855+00:00
PXD039999	PRIDE	source_file	proteinSeq.txt	SEARCH	ftp://ftp.pride.ebi.ac.uk/pride/data/archive/2023/10/PXD039999/proteinSeq.txt	14063884	f28be564c055bb13f371f910379fa7742a6c363f	SHA1			remote_only	2026-07-20T14:41:27.739855+00:00
PXD055278	PRIDE	metadata_cache	PXD055278.json	official_metadata	https://www.ebi.ac.uk/pride/ws/archive/v3/projects/PXD055278	9887			cache/pride/PXD055278.json	4ee6b66e3d3652419cea8b610c4de13f1cfd940741106a0969ca0bbcf8af6a69	cached	2026-08-16T07:09:21.805715+00:00
PXD055278	PRIDE	source_file	ZJR_WDF_GSNO_1_20181120.raw	RAW	ftp://ftp.pride.ebi.ac.uk/pride/data/archive/2025/02/PXD055278/ZJR_WDF_GSNO_1_20181120.raw	463701221					remote_only	2026-08-16T07:09:21.805715+00:00
PXD055278	PRIDE	source_file	ZJR_WDF_GSNO_1_20181120.xlsx	SEARCH	ftp://ftp.pride.ebi.ac.uk/pride/data/archive/2025/02/PXD055278/ZJR_WDF_GSNO_1_20181120.xlsx	10764					remote_only	2026-08-16T07:09:21.805715+00:00
PXD055278	PRIDE	source_file	checksum.txt	OTHER	ftp://ftp.pride.ebi.ac.uk/pride/data/archive/2025/02/PXD055278/checksum.txt	225					remote_only	2026-08-16T07:09:21.805715+00:00
PXD063170	PRIDE	metadata_cache	PXD063170.json	official_metadata	https://www.ebi.ac.uk/pride/ws/archive/v3/projects/PXD063170	27134			cache/pride/PXD063170.json	b579a84484868a54c5cd7c7e06445b722f107c2722eb6bf2a447bc7e71eac2e6	cached	2026-08-10T18:26:39.332503+00:00
PXD063170	PRIDE	source_file	RE334LP_CSE_OE_4_Slot1-26_1_12395.d.zip	RAW	ftp://ftp.pride.ebi.ac.uk/pride/data/archive/2025/06/PXD063170/RE334LP_CSE_OE_4_Slot1-26_1_12395.d.zip	2052899289					remote_only	2026-08-10T18:26:39.332503+00:00
PXD063170	PRIDE	source_file	RE334LP_CSE_OE_5_Slot1-27_1_12397.d.zip	RAW	ftp://ftp.pride.ebi.ac.uk/pride/data/archive/2025/06/PXD063170/RE334LP_CSE_OE_5_Slot1-27_1_12397.d.zip	2074385996					remote_only	2026-08-10T18:26:39.332503+00:00
PXD063170	PRIDE	source_file	RE334LP_P131_1_Slot1-28_1_12399.d.zip	RAW	ftp://ftp.pride.ebi.ac.uk/pride/data/archive/2025/06/PXD063170/RE334LP_P131_1_Slot1-28_1_12399.d.zip	2441839368					remote_only	2026-08-10T18:26:39.332503+00:00
PXD063170	PRIDE	source_file	RE334LP_P131_2_Slot1-29_1_12401.d.zip	RAW	ftp://ftp.pride.ebi.ac.uk/pride/data/archive/2025/06/PXD063170/RE334LP_P131_2_Slot1-29_1_12401.d.zip	2422201869					remote_only	2026-08-10T18:26:39.332503+00:00
PXD063170	PRIDE	source_file	RE334LQ_CSE_OE_4_Slot1-41_1_20487.d.zip	RAW	ftp://ftp.pride.ebi.ac.uk/pride/data/archive/2025/06/PXD063170/RE334LQ_CSE_OE_4_Slot1-41_1_20487.d.zip	1991466832					remote_only	2026-08-10T18:26:39.332503+00:00
PXD063170	PRIDE	source_file	RE334LQ_CSE_OE_5_Slot1-42_1_20488.d.zip	RAW	ftp://ftp.pride.ebi.ac.uk/pride/data/archive/2025/06/PXD063170/RE334LQ_CSE_OE_5_Slot1-42_1_20488.d.zip	2001631772					remote_only	2026-08-10T18:26:39.332503+00:00
PXD063170	PRIDE	source_file	RE334LQ_P131_1_Slot1-43_1_20490.d.zip	RAW	ftp://ftp.pride.ebi.ac.uk/pride/data/archive/2025/06/PXD063170/RE334LQ_P131_1_Slot1-43_1_20490.d.zip	2041588971					remote_only	2026-08-10T18:26:39.332503+00:00
PXD063170	PRIDE	source_file	RE334LQ_P131_2_Slot1-44_1_20491.d.zip	RAW	ftp://ftp.pride.ebi.ac.uk/pride/data/archive/2025/06/PXD063170/RE334LQ_P131_2_Slot1-44_1_20491.d.zip	2162816974					remote_only	2026-08-10T18:26:39.332503+00:00
PXD063170	PRIDE	source_file	XC01741LPSs_CSE_OE_2_Slot2-40_1_32087.d.zip	RAW	ftp://ftp.pride.ebi.ac.uk/pride/data/archive/2025/06/PXD063170/XC01741LPSs_CSE_OE_2_Slot2-40_1_32087.d.zip	2414851879					remote_only	2026-08-10T18:26:39.332503+00:00
PXD063170	PRIDE	source_file	XC01741LPSs_WT_3_Slot2-38_1_32083.d.zip	RAW	ftp://ftp.pride.ebi.ac.uk/pride/data/archive/2025/06/PXD063170/XC01741LPSs_WT_3_Slot2-38_1_32083.d.zip	2321831800					remote_only	2026-08-10T18:26:39.332503+00:00
PXD063170	PRIDE	source_file	XC01741LQ_CSE_OE_2_Slot1-14_1_39463.d.zip	RAW	ftp://ftp.pride.ebi.ac.uk/pride/data/archive/2025/06/PXD063170/XC01741LQ_CSE_OE_2_Slot1-14_1_39463.d.zip	4056644984					remote_only	2026-08-10T18:26:39.332503+00:00
PXD063170	PRIDE	source_file	XC01741LQ_WT_3_Slot1-12_1_39460.d.zip	RAW	ftp://ftp.pride.ebi.ac.uk/pride/data/archive/2025/06/PXD063170/XC01741LQ_WT_3_Slot1-12_1_39460.d.zip	4156422316					remote_only	2026-08-10T18:26:39.332503+00:00
PXD063170	PRIDE	source_file	checksum.txt	OTHER	ftp://ftp.pride.ebi.ac.uk/pride/data/archive/2025/06/PXD063170/checksum.txt	1131					remote_only	2026-08-10T18:26:39.332503+00:00
PXD063170	PRIDE	source_file	txt-LPSs.zip	SEARCH	ftp://ftp.pride.ebi.ac.uk/pride/data/archive/2025/06/PXD063170/txt-LPSs.zip	281248333					remote_only	2026-08-10T18:26:39.332503+00:00
PXD063170	PRIDE	source_file	txt-LQ.zip	SEARCH	ftp://ftp.pride.ebi.ac.uk/pride/data/archive/2025/06/PXD063170/txt-LQ.zip	423531854					remote_only	2026-08-10T18:26:39.332503+00:00
PXD072089	PRIDE	metadata_cache	PXD072089.json	official_metadata	https://www.ebi.ac.uk/pride/ws/archive/v3/projects/PXD072089	29911			cache/pride/PXD072089.json	7705f97f08b4767f84d75bd71c9b3a23536c8a6104bf92d7e4b44141a3b8e7cd	cached	2026-08-10T18:26:49.316618+00:00
PXD072089	PRIDE	source_file	Persulfidome_NaCl_0h_R1.raw	RAW	ftp://ftp.pride.ebi.ac.uk/pride/data/archive/2026/07/PXD072089/Persulfidome_NaCl_0h_R1.raw	1618317435					remote_only	2026-08-10T18:26:49.316618+00:00
PXD072089	PRIDE	source_file	Persulfidome_NaCl_0h_R2.raw	RAW	ftp://ftp.pride.ebi.ac.uk/pride/data/archive/2026/07/PXD072089/Persulfidome_NaCl_0h_R2.raw	1669016131					remote_only	2026-08-10T18:26:49.316618+00:00
PXD072089	PRIDE	source_file	Persulfidome_NaCl_0h_R3.raw	RAW	ftp://ftp.pride.ebi.ac.uk/pride/data/archive/2026/07/PXD072089/Persulfidome_NaCl_0h_R3.raw	1530741311					remote_only	2026-08-10T18:26:49.316618+00:00
PXD072089	PRIDE	source_file	Persulfidome_NaCl_12h_R1.raw	RAW	ftp://ftp.pride.ebi.ac.uk/pride/data/archive/2026/07/PXD072089/Persulfidome_NaCl_12h_R1.raw	1484466366					remote_only	2026-08-10T18:26:49.316618+00:00
PXD072089	PRIDE	source_file	Persulfidome_NaCl_12h_R2.raw	RAW	ftp://ftp.pride.ebi.ac.uk/pride/data/archive/2026/07/PXD072089/Persulfidome_NaCl_12h_R2.raw	1447501401					remote_only	2026-08-10T18:26:49.316618+00:00
PXD072089	PRIDE	source_file	Persulfidome_NaCl_12h_R3.raw	RAW	ftp://ftp.pride.ebi.ac.uk/pride/data/archive/2026/07/PXD072089/Persulfidome_NaCl_12h_R3.raw	1386631725					remote_only	2026-08-10T18:26:49.316618+00:00
PXD072089	PRIDE	source_file	Persulfidome_NaCl_1h_R1.raw	RAW	ftp://ftp.pride.ebi.ac.uk/pride/data/archive/2026/07/PXD072089/Persulfidome_NaCl_1h_R1.raw	1697440096					remote_only	2026-08-10T18:26:49.316618+00:00
PXD072089	PRIDE	source_file	Persulfidome_NaCl_1h_R2.raw	RAW	ftp://ftp.pride.ebi.ac.uk/pride/data/archive/2026/07/PXD072089/Persulfidome_NaCl_1h_R2.raw	1629169902					remote_only	2026-08-10T18:26:49.316618+00:00
PXD072089	PRIDE	source_file	Persulfidome_NaCl_1h_R3.raw	RAW	ftp://ftp.pride.ebi.ac.uk/pride/data/archive/2026/07/PXD072089/Persulfidome_NaCl_1h_R3.raw	1579632928					remote_only	2026-08-10T18:26:49.316618+00:00
PXD072089	PRIDE	source_file	Persulfidome_NaCl_3h_R1.raw	RAW	ftp://ftp.pride.ebi.ac.uk/pride/data/archive/2026/07/PXD072089/Persulfidome_NaCl_3h_R1.raw	1605818892					remote_only	2026-08-10T18:26:49.316618+00:00
PXD072089	PRIDE	source_file	Persulfidome_NaCl_3h_R2.raw	RAW	ftp://ftp.pride.ebi.ac.uk/pride/data/archive/2026/07/PXD072089/Persulfidome_NaCl_3h_R2.raw	1647176708					remote_only	2026-08-10T18:26:49.316618+00:00
PXD072089	PRIDE	source_file	Persulfidome_NaCl_3h_R3.raw	RAW	ftp://ftp.pride.ebi.ac.uk/pride/data/archive/2026/07/PXD072089/Persulfidome_NaCl_3h_R3.raw	1562716644					remote_only	2026-08-10T18:26:49.316618+00:00
PXD072089	PRIDE	source_file	Persulfidome_NaCl_6h_R1.raw	RAW	ftp://ftp.pride.ebi.ac.uk/pride/data/archive/2026/07/PXD072089/Persulfidome_NaCl_6h_R1.raw	1588490981					remote_only	2026-08-10T18:26:49.316618+00:00
PXD072089	PRIDE	source_file	Persulfidome_NaCl_6h_R2.raw	RAW	ftp://ftp.pride.ebi.ac.uk/pride/data/archive/2026/07/PXD072089/Persulfidome_NaCl_6h_R2.raw	1451685306					remote_only	2026-08-10T18:26:49.316618+00:00
PXD072089	PRIDE	source_file	Persulfidome_NaCl_6h_R3.raw	RAW	ftp://ftp.pride.ebi.ac.uk/pride/data/archive/2026/07/PXD072089/Persulfidome_NaCl_6h_R3.raw	1614773669					remote_only	2026-08-10T18:26:49.316618+00:00
PXD072089	PRIDE	source_file	SS-all-peptides.tsv	SEARCH	ftp://ftp.pride.ebi.ac.uk/pride/data/archive/2026/07/PXD072089/SS-all-peptides.tsv	2625176					remote_only	2026-08-10T18:26:49.316618+00:00
PXD072089	PRIDE	source_file	checksum.txt	OTHER	ftp://ftp.pride.ebi.ac.uk/pride/data/archive/2026/07/PXD072089/checksum.txt	1583					remote_only	2026-08-10T18:26:49.316618+00:00
PXD072300	PRIDE	metadata_cache	PXD072300.json	official_metadata	https://www.ebi.ac.uk/pride/ws/archive/v3/projects/PXD072300	33149			cache/pride/PXD072300.json	b0970b38299999e7750dad9ffb2048e47843a1043306e6ebc3189ade1419900b	cached	2026-08-10T18:26:53.943989+00:00
PXD072300	PRIDE	source_file	Persulfidation_ALDP.csv	SEARCH	ftp://ftp.pride.ebi.ac.uk/pride/data/archive/2026/07/PXD072300/Persulfidation_ALDP.csv	128282					remote_only	2026-08-10T18:26:53.943989+00:00
PXD072300	PRIDE	source_file	Persulfidation_ALDP.raw	RAW	ftp://ftp.pride.ebi.ac.uk/pride/data/archive/2026/07/PXD072300/Persulfidation_ALDP.raw	1241428664					remote_only	2026-08-10T18:26:53.943989+00:00
PXD072300	PRIDE	source_file	Persulfidation_FBA1.csv	SEARCH	ftp://ftp.pride.ebi.ac.uk/pride/data/archive/2026/07/PXD072300/Persulfidation_FBA1.csv	120644					remote_only	2026-08-10T18:26:53.943989+00:00
PXD072300	PRIDE	source_file	Persulfidation_FBA1.raw	RAW	ftp://ftp.pride.ebi.ac.uk/pride/data/archive/2026/07/PXD072300/Persulfidation_FBA1.raw	1301335140					remote_only	2026-08-10T18:26:53.943989+00:00
PXD072300	PRIDE	source_file	Persulfidation_FBA3.csv	SEARCH	ftp://ftp.pride.ebi.ac.uk/pride/data/archive/2026/07/PXD072300/Persulfidation_FBA3.csv	117083					remote_only	2026-08-10T18:26:53.943989+00:00
PXD072300	PRIDE	source_file	Persulfidation_FBA3.raw	RAW	ftp://ftp.pride.ebi.ac.uk/pride/data/archive/2026/07/PXD072300/Persulfidation_FBA3.raw	1269134468					remote_only	2026-08-10T18:26:53.943989+00:00
PXD072300	PRIDE	source_file	Persulfidation_MDHAR3.csv	SEARCH	ftp://ftp.pride.ebi.ac.uk/pride/data/archive/2026/07/PXD072300/Persulfidation_MDHAR3.csv	91648					remote_only	2026-08-10T18:26:53.943989+00:00
PXD072300	PRIDE	source_file	Persulfidation_MDHAR3.raw	RAW	ftp://ftp.pride.ebi.ac.uk/pride/data/archive/2026/07/PXD072300/Persulfidation_MDHAR3.raw	1265728712					remote_only	2026-08-10T18:26:53.943989+00:00
PXD072300	PRIDE	source_file	Persulfidation_MDHAR4.csv	SEARCH	ftp://ftp.pride.ebi.ac.uk/pride/data/archive/2026/07/PXD072300/Persulfidation_MDHAR4.csv	107158					remote_only	2026-08-10T18:26:53.943989+00:00
PXD072300	PRIDE	source_file	Persulfidation_MDHAR4.raw	RAW	ftp://ftp.pride.ebi.ac.uk/pride/data/archive/2026/07/PXD072300/Persulfidation_MDHAR4.raw	1307766068					remote_only	2026-08-10T18:26:53.943989+00:00
PXD072300	PRIDE	source_file	Persulfidation_MDHAR5.csv	SEARCH	ftp://ftp.pride.ebi.ac.uk/pride/data/archive/2026/07/PXD072300/Persulfidation_MDHAR5.csv	162112					remote_only	2026-08-10T18:26:53.943989+00:00
PXD072300	PRIDE	source_file	Persulfidation_MDHAR5.raw	RAW	ftp://ftp.pride.ebi.ac.uk/pride/data/archive/2026/07/PXD072300/Persulfidation_MDHAR5.raw	1236804494					remote_only	2026-08-10T18:26:53.943989+00:00
PXD072300	PRIDE	source_file	Persulfidation_PFP.csv	SEARCH	ftp://ftp.pride.ebi.ac.uk/pride/data/archive/2026/07/PXD072300/Persulfidation_PFP.csv	346853					remote_only	2026-08-10T18:26:53.943989+00:00
PXD072300	PRIDE	source_file	Persulfidation_PFP.raw	RAW	ftp://ftp.pride.ebi.ac.uk/pride/data/archive/2026/07/PXD072300/Persulfidation_PFP.raw	919724364					remote_only	2026-08-10T18:26:53.943989+00:00
PXD072300	PRIDE	source_file	Persulfidation_RPI.csv	SEARCH	ftp://ftp.pride.ebi.ac.uk/pride/data/archive/2026/07/PXD072300/Persulfidation_RPI.csv	151059					remote_only	2026-08-10T18:26:53.943989+00:00
PXD072300	PRIDE	source_file	Persulfidation_RPI.raw	RAW	ftp://ftp.pride.ebi.ac.uk/pride/data/archive/2026/07/PXD072300/Persulfidation_RPI.raw	1384611528					remote_only	2026-08-10T18:26:53.943989+00:00
PXD072300	PRIDE	source_file	Persulfidation_TAL.csv	SEARCH	ftp://ftp.pride.ebi.ac.uk/pride/data/archive/2026/07/PXD072300/Persulfidation_TAL.csv	147365					remote_only	2026-08-10T18:26:53.943989+00:00
PXD072300	PRIDE	source_file	Persulfidation_TAL.raw	RAW	ftp://ftp.pride.ebi.ac.uk/pride/data/archive/2026/07/PXD072300/Persulfidation_TAL.raw	1132128372					remote_only	2026-08-10T18:26:53.943989+00:00
PXD072300	PRIDE	source_file	Persulfidation_TKT.csv	SEARCH	ftp://ftp.pride.ebi.ac.uk/pride/data/archive/2026/07/PXD072300/Persulfidation_TKT.csv	297607					remote_only	2026-08-10T18:26:53.943989+00:00
PXD072300	PRIDE	source_file	Persulfidation_TKT.raw	RAW	ftp://ftp.pride.ebi.ac.uk/pride/data/archive/2026/07/PXD072300/Persulfidation_TKT.raw	979186444					remote_only	2026-08-10T18:26:53.943989+00:00
PXD072300	PRIDE	source_file	checksum.txt	OTHER	ftp://ftp.pride.ebi.ac.uk/pride/data/archive/2026/07/PXD072300/checksum.txt	1979					remote_only	2026-08-10T18:26:53.943989+00:00
PXD051570	iProX	metadata_cache	PXD051570.json	official_metadata	https://proteomecentral.proteomexchange.org/cgi/GetDataset?ID=PXD051570.0-1&outputMode=XML&test=no	33144			cache/iprox/PXD051570.json	84a5d83e099910a780721a3984c753a35f1e25f781675f5a2e5097174a336168	cached	2026-07-20T14:41:34.650921+00:00
PXD051570	iProX	source_file	ITAG2.4_proteins_full_desc.fasta	Other type file URI	http://download.iprox.org/IPX0008577000/IPX0008577001/ITAG2.4_proteins_full_desc.fasta						remote_only	2026-07-20T14:41:34.650921+00:00
PXD051570	iProX	source_file	ITAG2.4_proteins_full_desc.fasta	Other type file URI	http://download.iprox.org/IPX0008577000/IPX0008577002/ITAG2.4_proteins_full_desc.fasta						remote_only	2026-07-20T14:41:34.650921+00:00
PXD051570	iProX	source_file	ITAG2.4_proteins_full_desc.fasta	Other type file URI	http://download.iprox.org/IPX0008577000/IPX0008577003/ITAG2.4_proteins_full_desc.fasta						remote_only	2026-07-20T14:41:34.650921+00:00
PXD051570	iProX	source_file	Tan_A5900_TMT11_tomato_20211021_A_F1.raw	Associated raw file URI	http://download.iprox.org/IPX0008577000/IPX0008577003/Tan_A5900_TMT11_tomato_20211021_A_F1.raw						remote_only	2026-07-20T14:41:34.650921+00:00
PXD051570	iProX	source_file	Tan_A5900_TMT11_tomato_20211021_A_F10.raw	Associated raw file URI	http://download.iprox.org/IPX0008577000/IPX0008577003/Tan_A5900_TMT11_tomato_20211021_A_F10.raw						remote_only	2026-07-20T14:41:34.650921+00:00
PXD051570	iProX	source_file	Tan_A5900_TMT11_tomato_20211021_A_F11.raw	Associated raw file URI	http://download.iprox.org/IPX0008577000/IPX0008577003/Tan_A5900_TMT11_tomato_20211021_A_F11.raw						remote_only	2026-07-20T14:41:34.650921+00:00
PXD051570	iProX	source_file	Tan_A5900_TMT11_tomato_20211021_A_F12.raw	Associated raw file URI	http://download.iprox.org/IPX0008577000/IPX0008577003/Tan_A5900_TMT11_tomato_20211021_A_F12.raw						remote_only	2026-07-20T14:41:34.650921+00:00
PXD051570	iProX	source_file	Tan_A5900_TMT11_tomato_20211021_A_F13.raw	Associated raw file URI	http://download.iprox.org/IPX0008577000/IPX0008577003/Tan_A5900_TMT11_tomato_20211021_A_F13.raw						remote_only	2026-07-20T14:41:34.650921+00:00
PXD051570	iProX	source_file	Tan_A5900_TMT11_tomato_20211021_A_F14.raw	Associated raw file URI	http://download.iprox.org/IPX0008577000/IPX0008577003/Tan_A5900_TMT11_tomato_20211021_A_F14.raw						remote_only	2026-07-20T14:41:34.650921+00:00
PXD051570	iProX	source_file	Tan_A5900_TMT11_tomato_20211021_A_F2.raw	Associated raw file URI	http://download.iprox.org/IPX0008577000/IPX0008577003/Tan_A5900_TMT11_tomato_20211021_A_F2.raw						remote_only	2026-07-20T14:41:34.650921+00:00
PXD051570	iProX	source_file	Tan_A5900_TMT11_tomato_20211021_A_F3.raw	Associated raw file URI	http://download.iprox.org/IPX0008577000/IPX0008577003/Tan_A5900_TMT11_tomato_20211021_A_F3.raw						remote_only	2026-07-20T14:41:34.650921+00:00
PXD051570	iProX	source_file	Tan_A5900_TMT11_tomato_20211021_A_F4.raw	Associated raw file URI	http://download.iprox.org/IPX0008577000/IPX0008577003/Tan_A5900_TMT11_tomato_20211021_A_F4.raw						remote_only	2026-07-20T14:41:34.650921+00:00
PXD051570	iProX	source_file	Tan_A5900_TMT11_tomato_20211021_A_F5.raw	Associated raw file URI	http://download.iprox.org/IPX0008577000/IPX0008577003/Tan_A5900_TMT11_tomato_20211021_A_F5.raw						remote_only	2026-07-20T14:41:34.650921+00:00
PXD051570	iProX	source_file	Tan_A5900_TMT11_tomato_20211021_A_F6.raw	Associated raw file URI	http://download.iprox.org/IPX0008577000/IPX0008577003/Tan_A5900_TMT11_tomato_20211021_A_F6.raw						remote_only	2026-07-20T14:41:34.650921+00:00
PXD051570	iProX	source_file	Tan_A5900_TMT11_tomato_20211021_A_F7.raw	Associated raw file URI	http://download.iprox.org/IPX0008577000/IPX0008577003/Tan_A5900_TMT11_tomato_20211021_A_F7.raw						remote_only	2026-07-20T14:41:34.650921+00:00
PXD051570	iProX	source_file	Tan_A5900_TMT11_tomato_20211021_A_F8.raw	Associated raw file URI	http://download.iprox.org/IPX0008577000/IPX0008577003/Tan_A5900_TMT11_tomato_20211021_A_F8.raw						remote_only	2026-07-20T14:41:34.650921+00:00
PXD051570	iProX	source_file	Tan_A5900_TMT11_tomato_20211021_A_F9.raw	Associated raw file URI	http://download.iprox.org/IPX0008577000/IPX0008577003/Tan_A5900_TMT11_tomato_20211021_A_F9.raw						remote_only	2026-07-20T14:41:34.650921+00:00
PXD051570	iProX	source_file	Tan_A5900_TMT11_tomato_20211023_B_F1.raw	Associated raw file URI	http://download.iprox.org/IPX0008577000/IPX0008577003/Tan_A5900_TMT11_tomato_20211023_B_F1.raw						remote_only	2026-07-20T14:41:34.650921+00:00
PXD051570	iProX	source_file	Tan_A5900_TMT11_tomato_20211023_B_F10.raw	Associated raw file URI	http://download.iprox.org/IPX0008577000/IPX0008577003/Tan_A5900_TMT11_tomato_20211023_B_F10.raw						remote_only	2026-07-20T14:41:34.650921+00:00
PXD051570	iProX	source_file	Tan_A5900_TMT11_tomato_20211023_B_F11.raw	Associated raw file URI	http://download.iprox.org/IPX0008577000/IPX0008577003/Tan_A5900_TMT11_tomato_20211023_B_F11.raw						remote_only	2026-07-20T14:41:34.650921+00:00
PXD051570	iProX	source_file	Tan_A5900_TMT11_tomato_20211023_B_F12.raw	Associated raw file URI	http://download.iprox.org/IPX0008577000/IPX0008577003/Tan_A5900_TMT11_tomato_20211023_B_F12.raw						remote_only	2026-07-20T14:41:34.650921+00:00
PXD051570	iProX	source_file	Tan_A5900_TMT11_tomato_20211023_B_F13.raw	Associated raw file URI	http://download.iprox.org/IPX0008577000/IPX0008577003/Tan_A5900_TMT11_tomato_20211023_B_F13.raw						remote_only	2026-07-20T14:41:34.650921+00:00
PXD051570	iProX	source_file	Tan_A5900_TMT11_tomato_20211023_B_F14.raw	Associated raw file URI	http://download.iprox.org/IPX0008577000/IPX0008577003/Tan_A5900_TMT11_tomato_20211023_B_F14.raw						remote_only	2026-07-20T14:41:34.650921+00:00
PXD051570	iProX	source_file	Tan_A5900_TMT11_tomato_20211023_B_F2.raw	Associated raw file URI	http://download.iprox.org/IPX0008577000/IPX0008577003/Tan_A5900_TMT11_tomato_20211023_B_F2.raw						remote_only	2026-07-20T14:41:34.650921+00:00
PXD051570	iProX	source_file	Tan_A5900_TMT11_tomato_20211023_B_F3.raw	Associated raw file URI	http://download.iprox.org/IPX0008577000/IPX0008577003/Tan_A5900_TMT11_tomato_20211023_B_F3.raw						remote_only	2026-07-20T14:41:34.650921+00:00
PXD051570	iProX	source_file	Tan_A5900_TMT11_tomato_20211023_B_F4.raw	Associated raw file URI	http://download.iprox.org/IPX0008577000/IPX0008577003/Tan_A5900_TMT11_tomato_20211023_B_F4.raw						remote_only	2026-07-20T14:41:34.650921+00:00
PXD051570	iProX	source_file	Tan_A5900_TMT11_tomato_20211023_B_F5.raw	Associated raw file URI	http://download.iprox.org/IPX0008577000/IPX0008577003/Tan_A5900_TMT11_tomato_20211023_B_F5.raw						remote_only	2026-07-20T14:41:34.650921+00:00
PXD051570	iProX	source_file	Tan_A5900_TMT11_tomato_20211023_B_F6.raw	Associated raw file URI	http://download.iprox.org/IPX0008577000/IPX0008577003/Tan_A5900_TMT11_tomato_20211023_B_F6.raw						remote_only	2026-07-20T14:41:34.650921+00:00
PXD051570	iProX	source_file	Tan_A5900_TMT11_tomato_20211023_B_F7.raw	Associated raw file URI	http://download.iprox.org/IPX0008577000/IPX0008577003/Tan_A5900_TMT11_tomato_20211023_B_F7.raw						remote_only	2026-07-20T14:41:34.650921+00:00
PXD051570	iProX	source_file	Tan_A5900_TMT11_tomato_20211023_B_F8.raw	Associated raw file URI	http://download.iprox.org/IPX0008577000/IPX0008577003/Tan_A5900_TMT11_tomato_20211023_B_F8.raw						remote_only	2026-07-20T14:41:34.650921+00:00
PXD051570	iProX	source_file	Tan_A5900_TMT11_tomato_20211023_B_F9.raw	Associated raw file URI	http://download.iprox.org/IPX0008577000/IPX0008577003/Tan_A5900_TMT11_tomato_20211023_B_F9.raw						remote_only	2026-07-20T14:41:34.650921+00:00
PXD051570	iProX	source_file	Tan_MicroTom_TMT11_20211021_AB_2sets_ITAG24_Sequest_MsAmanda_20221119_1.pdResult	Search engine output file URI	http://download.iprox.org/IPX0008577000/IPX0008577003/Tan_MicroTom_TMT11_20211021_AB_2sets_ITAG24_Sequest_MsAmanda_20221119_1.pdResult						remote_only	2026-07-20T14:41:34.650921+00:00
PXD051570	iProX	source_file	Tan_tomato_TMT15_20210930_F1.raw	Associated raw file URI	http://download.iprox.org/IPX0008577000/IPX0008577001/Tan_tomato_TMT15_20210930_F1.raw						remote_only	2026-07-20T14:41:34.650921+00:00
PXD051570	iProX	source_file	Tan_tomato_TMT15_20210930_F10.raw	Associated raw file URI	http://download.iprox.org/IPX0008577000/IPX0008577001/Tan_tomato_TMT15_20210930_F10.raw						remote_only	2026-07-20T14:41:34.650921+00:00
PXD051570	iProX	source_file	Tan_tomato_TMT15_20210930_F11.raw	Associated raw file URI	http://download.iprox.org/IPX0008577000/IPX0008577001/Tan_tomato_TMT15_20210930_F11.raw						remote_only	2026-07-20T14:41:34.650921+00:00
PXD051570	iProX	source_file	Tan_tomato_TMT15_20210930_F12.raw	Associated raw file URI	http://download.iprox.org/IPX0008577000/IPX0008577001/Tan_tomato_TMT15_20210930_F12.raw						remote_only	2026-07-20T14:41:34.650921+00:00
PXD051570	iProX	source_file	Tan_tomato_TMT15_20210930_F13.raw	Associated raw file URI	http://download.iprox.org/IPX0008577000/IPX0008577001/Tan_tomato_TMT15_20210930_F13.raw						remote_only	2026-07-20T14:41:34.650921+00:00
PXD051570	iProX	source_file	Tan_tomato_TMT15_20210930_F2.raw	Associated raw file URI	http://download.iprox.org/IPX0008577000/IPX0008577001/Tan_tomato_TMT15_20210930_F2.raw						remote_only	2026-07-20T14:41:34.650921+00:00
PXD051570	iProX	source_file	Tan_tomato_TMT15_20210930_F3.raw	Associated raw file URI	http://download.iprox.org/IPX0008577000/IPX0008577001/Tan_tomato_TMT15_20210930_F3.raw						remote_only	2026-07-20T14:41:34.650921+00:00
PXD051570	iProX	source_file	Tan_tomato_TMT15_20210930_F4.raw	Associated raw file URI	http://download.iprox.org/IPX0008577000/IPX0008577001/Tan_tomato_TMT15_20210930_F4.raw						remote_only	2026-07-20T14:41:34.650921+00:00
PXD051570	iProX	source_file	Tan_tomato_TMT15_20210930_F5.raw	Associated raw file URI	http://download.iprox.org/IPX0008577000/IPX0008577001/Tan_tomato_TMT15_20210930_F5.raw						remote_only	2026-07-20T14:41:34.650921+00:00
PXD051570	iProX	source_file	Tan_tomato_TMT15_20210930_F6.raw	Associated raw file URI	http://download.iprox.org/IPX0008577000/IPX0008577001/Tan_tomato_TMT15_20210930_F6.raw						remote_only	2026-07-20T14:41:34.650921+00:00
PXD051570	iProX	source_file	Tan_tomato_TMT15_20210930_F7.raw	Associated raw file URI	http://download.iprox.org/IPX0008577000/IPX0008577001/Tan_tomato_TMT15_20210930_F7.raw						remote_only	2026-07-20T14:41:34.650921+00:00
PXD051570	iProX	source_file	Tan_tomato_TMT15_20210930_F8.raw	Associated raw file URI	http://download.iprox.org/IPX0008577000/IPX0008577001/Tan_tomato_TMT15_20210930_F8.raw						remote_only	2026-07-20T14:41:34.650921+00:00
PXD051570	iProX	source_file	Tan_tomato_TMT15_20210930_F9.raw	Associated raw file URI	http://download.iprox.org/IPX0008577000/IPX0008577001/Tan_tomato_TMT15_20210930_F9.raw						remote_only	2026-07-20T14:41:34.650921+00:00
PXD051570	iProX	source_file	Tan_tomato_TMT15_20210930_phospho_F1.raw	Associated raw file URI	http://download.iprox.org/IPX0008577000/IPX0008577002/Tan_tomato_TMT15_20210930_phospho_F1.raw						remote_only	2026-07-20T14:41:34.650921+00:00
PXD051570	iProX	source_file	Tan_tomato_TMT15_20210930_phospho_F1_20211013203135.raw	Associated raw file URI	http://download.iprox.org/IPX0008577000/IPX0008577002/Tan_tomato_TMT15_20210930_phospho_F1_20211013203135.raw						remote_only	2026-07-20T14:41:34.650921+00:00
PXD051570	iProX	source_file	Tan_tomato_TMT15_20210930_phospho_F2.raw	Associated raw file URI	http://download.iprox.org/IPX0008577000/IPX0008577002/Tan_tomato_TMT15_20210930_phospho_F2.raw						remote_only	2026-07-20T14:41:34.650921+00:00
PXD051570	iProX	source_file	Tan_tomato_TMT15_20210930_phospho_F2_20211013223553.raw	Associated raw file URI	http://download.iprox.org/IPX0008577000/IPX0008577002/Tan_tomato_TMT15_20210930_phospho_F2_20211013223553.raw						remote_only	2026-07-20T14:41:34.650921+00:00
PXD051570	iProX	source_file	Tan_tomato_TMT15_20210930_phospho_F3.raw	Associated raw file URI	http://download.iprox.org/IPX0008577000/IPX0008577002/Tan_tomato_TMT15_20210930_phospho_F3.raw						remote_only	2026-07-20T14:41:34.650921+00:00
PXD051570	iProX	source_file	Tan_tomato_TMT15_20210930_phospho_F3_20211014004009.raw	Associated raw file URI	http://download.iprox.org/IPX0008577000/IPX0008577002/Tan_tomato_TMT15_20210930_phospho_F3_20211014004009.raw						remote_only	2026-07-20T14:41:34.650921+00:00
PXD051570	iProX	source_file	Tan_tomato_TMT15_20210930_phospho_F4.raw	Associated raw file URI	http://download.iprox.org/IPX0008577000/IPX0008577002/Tan_tomato_TMT15_20210930_phospho_F4.raw						remote_only	2026-07-20T14:41:34.650921+00:00
PXD051570	iProX	source_file	Tan_tomato_TMT15_20210930_phospho_F4_20211013162259.raw	Associated raw file URI	http://download.iprox.org/IPX0008577000/IPX0008577002/Tan_tomato_TMT15_20210930_phospho_F4_20211013162259.raw						remote_only	2026-07-20T14:41:34.650921+00:00
PXD051570	iProX	source_file	Tan_tomato_TMT15_20210930_phospho_F5.raw	Associated raw file URI	http://download.iprox.org/IPX0008577000/IPX0008577002/Tan_tomato_TMT15_20210930_phospho_F5.raw						remote_only	2026-07-20T14:41:34.650921+00:00
PXD051570	iProX	source_file	Tan_tomato_TMT15_20210930_phospho_F5_20211013182717.raw	Associated raw file URI	http://download.iprox.org/IPX0008577000/IPX0008577002/Tan_tomato_TMT15_20210930_phospho_F5_20211013182717.raw						remote_only	2026-07-20T14:41:34.650921+00:00
PXD051570	iProX	source_file	Tan_tomato_TMT15_20210930_phospho_F6.raw	Associated raw file URI	http://download.iprox.org/IPX0008577000/IPX0008577002/Tan_tomato_TMT15_20210930_phospho_F6.raw						remote_only	2026-07-20T14:41:34.650921+00:00
PXD051570	iProX	source_file	Tan_tomato_TMT15_20210930_phospho_F6_20211014024427.raw	Associated raw file URI	http://download.iprox.org/IPX0008577000/IPX0008577002/Tan_tomato_TMT15_20210930_phospho_F6_20211014024427.raw						remote_only	2026-07-20T14:41:34.650921+00:00
PXD051570	iProX	source_file	Tan_tomato_TMT15_20210930_phospho_F7.raw	Associated raw file URI	http://download.iprox.org/IPX0008577000/IPX0008577002/Tan_tomato_TMT15_20210930_phospho_F7.raw						remote_only	2026-07-20T14:41:34.650921+00:00
PXD051570	iProX	source_file	Tan_tomato_TMT15_20210930_phospho_F7_20211014044847.raw	Associated raw file URI	http://download.iprox.org/IPX0008577000/IPX0008577002/Tan_tomato_TMT15_20210930_phospho_F7_20211014044847.raw						remote_only	2026-07-20T14:41:34.650921+00:00
PXD051570	iProX	source_file	Tan_tomato_TMT15_20210930_phospho_SequestMSAmanda_ITAG24_20221119.pdResult	Search engine output file URI	http://download.iprox.org/IPX0008577000/IPX0008577002/Tan_tomato_TMT15_20210930_phospho_SequestMSAmanda_ITAG24_20221119.pdResult						remote_only	2026-07-20T14:41:34.650921+00:00
PXD051570	iProX	source_file	Tan_tomato_TMT15_20210930_total_ITAG24_CoIso50_SequestMSAmanda_20220917_3replicates.pdResult	Search engine output file URI	http://download.iprox.org/IPX0008577000/IPX0008577001/Tan_tomato_TMT15_20210930_total_ITAG24_CoIso50_SequestMSAmanda_20220917_3replicates.pdResult						remote_only	2026-07-20T14:41:34.650921+00:00
PXD051570	iProX	source_file	Tan_tomato_TMT15_20210930_total_ITAG24_CoIso50_SequestMSAmanda_20220917_3replicates_3values_20221120.pdResult	Search engine output file URI	http://download.iprox.org/IPX0008577000/IPX0008577001/Tan_tomato_TMT15_20210930_total_ITAG24_CoIso50_SequestMSAmanda_20220917_3replicates_3values_20221120.pdResult						remote_only	2026-07-20T14:41:34.650921+00:00
PXD051570	iProX	source_file	Tan_tomato_TMT15_20211012_F1.raw	Associated raw file URI	http://download.iprox.org/IPX0008577000/IPX0008577001/Tan_tomato_TMT15_20211012_F1.raw						remote_only	2026-07-20T14:41:34.650921+00:00
PXD051570	iProX	source_file	Tan_tomato_TMT15_20211012_F10.raw	Associated raw file URI	http://download.iprox.org/IPX0008577000/IPX0008577001/Tan_tomato_TMT15_20211012_F10.raw						remote_only	2026-07-20T14:41:34.650921+00:00
PXD051570	iProX	source_file	Tan_tomato_TMT15_20211012_F11.raw	Associated raw file URI	http://download.iprox.org/IPX0008577000/IPX0008577001/Tan_tomato_TMT15_20211012_F11.raw						remote_only	2026-07-20T14:41:34.650921+00:00
PXD051570	iProX	source_file	Tan_tomato_TMT15_20211012_F12.raw	Associated raw file URI	http://download.iprox.org/IPX0008577000/IPX0008577001/Tan_tomato_TMT15_20211012_F12.raw						remote_only	2026-07-20T14:41:34.650921+00:00
PXD051570	iProX	source_file	Tan_tomato_TMT15_20211012_F13.raw	Associated raw file URI	http://download.iprox.org/IPX0008577000/IPX0008577001/Tan_tomato_TMT15_20211012_F13.raw						remote_only	2026-07-20T14:41:34.650921+00:00
PXD051570	iProX	source_file	Tan_tomato_TMT15_20211012_F2.raw	Associated raw file URI	http://download.iprox.org/IPX0008577000/IPX0008577001/Tan_tomato_TMT15_20211012_F2.raw						remote_only	2026-07-20T14:41:34.650921+00:00
PXD051570	iProX	source_file	Tan_tomato_TMT15_20211012_F3.raw	Associated raw file URI	http://download.iprox.org/IPX0008577000/IPX0008577001/Tan_tomato_TMT15_20211012_F3.raw						remote_only	2026-07-20T14:41:34.650921+00:00
PXD051570	iProX	source_file	Tan_tomato_TMT15_20211012_F4.raw	Associated raw file URI	http://download.iprox.org/IPX0008577000/IPX0008577001/Tan_tomato_TMT15_20211012_F4.raw						remote_only	2026-07-20T14:41:34.650921+00:00
PXD051570	iProX	source_file	Tan_tomato_TMT15_20211012_F5.raw	Associated raw file URI	http://download.iprox.org/IPX0008577000/IPX0008577001/Tan_tomato_TMT15_20211012_F5.raw						remote_only	2026-07-20T14:41:34.650921+00:00
PXD051570	iProX	source_file	Tan_tomato_TMT15_20211012_F6.raw	Associated raw file URI	http://download.iprox.org/IPX0008577000/IPX0008577001/Tan_tomato_TMT15_20211012_F6.raw						remote_only	2026-07-20T14:41:34.650921+00:00
PXD051570	iProX	source_file	Tan_tomato_TMT15_20211012_F7.raw	Associated raw file URI	http://download.iprox.org/IPX0008577000/IPX0008577001/Tan_tomato_TMT15_20211012_F7.raw						remote_only	2026-07-20T14:41:34.650921+00:00
PXD051570	iProX	source_file	Tan_tomato_TMT15_20211012_F8.raw	Associated raw file URI	http://download.iprox.org/IPX0008577000/IPX0008577001/Tan_tomato_TMT15_20211012_F8.raw						remote_only	2026-07-20T14:41:34.650921+00:00
PXD051570	iProX	source_file	Tan_tomato_TMT15_20211012_F9.raw	Associated raw file URI	http://download.iprox.org/IPX0008577000/IPX0008577001/Tan_tomato_TMT15_20211012_F9.raw						remote_only	2026-07-20T14:41:34.650921+00:00
PXD051570	iProX	source_file	Tan_tomato_TMT15_20220905_F1.raw	Associated raw file URI	http://download.iprox.org/IPX0008577000/IPX0008577001/Tan_tomato_TMT15_20220905_F1.raw						remote_only	2026-07-20T14:41:34.650921+00:00
PXD051570	iProX	source_file	Tan_tomato_TMT15_20220905_F10.raw	Associated raw file URI	http://download.iprox.org/IPX0008577000/IPX0008577001/Tan_tomato_TMT15_20220905_F10.raw						remote_only	2026-07-20T14:41:34.650921+00:00
PXD051570	iProX	source_file	Tan_tomato_TMT15_20220905_F11.raw	Associated raw file URI	http://download.iprox.org/IPX0008577000/IPX0008577001/Tan_tomato_TMT15_20220905_F11.raw						remote_only	2026-07-20T14:41:34.650921+00:00
PXD051570	iProX	source_file	Tan_tomato_TMT15_20220905_F12.raw	Associated raw file URI	http://download.iprox.org/IPX0008577000/IPX0008577001/Tan_tomato_TMT15_20220905_F12.raw						remote_only	2026-07-20T14:41:34.650921+00:00
PXD051570	iProX	source_file	Tan_tomato_TMT15_20220905_F13.raw	Associated raw file URI	http://download.iprox.org/IPX0008577000/IPX0008577001/Tan_tomato_TMT15_20220905_F13.raw						remote_only	2026-07-20T14:41:34.650921+00:00
PXD051570	iProX	source_file	Tan_tomato_TMT15_20220905_F2.raw	Associated raw file URI	http://download.iprox.org/IPX0008577000/IPX0008577001/Tan_tomato_TMT15_20220905_F2.raw						remote_only	2026-07-20T14:41:34.650921+00:00
PXD051570	iProX	source_file	Tan_tomato_TMT15_20220905_F3.raw	Associated raw file URI	http://download.iprox.org/IPX0008577000/IPX0008577001/Tan_tomato_TMT15_20220905_F3.raw						remote_only	2026-07-20T14:41:34.650921+00:00
PXD051570	iProX	source_file	Tan_tomato_TMT15_20220905_F4.raw	Associated raw file URI	http://download.iprox.org/IPX0008577000/IPX0008577001/Tan_tomato_TMT15_20220905_F4.raw						remote_only	2026-07-20T14:41:34.650921+00:00
PXD051570	iProX	source_file	Tan_tomato_TMT15_20220905_F5.raw	Associated raw file URI	http://download.iprox.org/IPX0008577000/IPX0008577001/Tan_tomato_TMT15_20220905_F5.raw						remote_only	2026-07-20T14:41:34.650921+00:00
PXD051570	iProX	source_file	Tan_tomato_TMT15_20220905_F6.raw	Associated raw file URI	http://download.iprox.org/IPX0008577000/IPX0008577001/Tan_tomato_TMT15_20220905_F6.raw						remote_only	2026-07-20T14:41:34.650921+00:00
PXD051570	iProX	source_file	Tan_tomato_TMT15_20220905_F7.raw	Associated raw file URI	http://download.iprox.org/IPX0008577000/IPX0008577001/Tan_tomato_TMT15_20220905_F7.raw						remote_only	2026-07-20T14:41:34.650921+00:00
PXD051570	iProX	source_file	Tan_tomato_TMT15_20220905_F8.raw	Associated raw file URI	http://download.iprox.org/IPX0008577000/IPX0008577001/Tan_tomato_TMT15_20220905_F8.raw						remote_only	2026-07-20T14:41:34.650921+00:00
PXD051570	iProX	source_file	Tan_tomato_TMT15_20220905_F9.raw	Associated raw file URI	http://download.iprox.org/IPX0008577000/IPX0008577001/Tan_tomato_TMT15_20220905_F9.raw						remote_only	2026-07-20T14:41:34.650921+00:00
