dataset_accession	sample_accession	title	organism	source_name	characteristics_json	biosample_accession	sra_experiment_accession	sra_run_accessions
GSE142712	GSM4238125	WT_H3K27me3_ChIPSeq_IP rep1	Solanum lycopersicum	Ailsa-Craig background	"[""develpmental stage: At 37 days after anthesis (dpa)"",""tissue: Pericarp"",""genotype: wild type (WT)"",""chip antibody: H3K27me3 (07-449, Millipore)""]"	SAMN13698510	SRX7477104	SRR10803222
GSE142712	GSM4238126	WT_H3K27me3_ChIPSeq_IP rep2	Solanum lycopersicum	Ailsa-Craig background	"[""develpmental stage: At 37 days after anthesis (dpa)"",""tissue: Pericarp"",""genotype: wild type (WT)"",""chip antibody: H3K27me3 (07-449, Millipore)""]"	SAMN13698527	SRX7477105	SRR10803223
GSE142712	GSM4238127	WT_H3K27me3_ChIPSeq_IP rep3	Solanum lycopersicum	Ailsa-Craig background	"[""develpmental stage: At 37 days after anthesis (dpa)"",""tissue: Pericarp"",""genotype: wild type (WT)"",""chip antibody: H3K27me3 (07-449, Millipore)""]"	SAMN13698526	SRX7477106	SRR10803224
GSE142712	GSM4238128	WT_H3K27me3_ChIPSeq_Input rep1	Solanum lycopersicum	Ailsa-Craig background	"[""develpmental stage: At 37 days after anthesis (dpa)"",""tissue: Pericarp"",""genotype: wild type (WT)"",""chip antibody: none""]"	SAMN13698525	SRX7477107	SRR10803225
GSE142712	GSM4238129	WT_H3K27me3_ChIPSeq_Input rep2	Solanum lycopersicum	Ailsa-Craig background	"[""develpmental stage: At 37 days after anthesis (dpa)"",""tissue: Pericarp"",""genotype: wild type (WT)"",""chip antibody: none""]"	SAMN13698524	SRX7477108	SRR10803226
GSE142712	GSM4238130	WT_H3K27me3_ChIPSeq_Input rep3	Solanum lycopersicum	Ailsa-Craig background	"[""develpmental stage: At 37 days after anthesis (dpa)"",""tissue: Pericarp"",""genotype: wild type (WT)"",""chip antibody: none""]"	SAMN13698523	SRX7477109	SRR10803227
GSE142712	GSM4238131	JMJ6-OE_H3K27me3_ChIPSeq_IP rep1	Solanum lycopersicum	Ailsa-Craig background	"[""develpmental stage: At 37 days after anthesis (dpa)"",""tissue: Pericarp"",""genotype: transgenic line (JMJ6-OE)"",""chip antibody: H3K27me3 (07-449, Millipore)""]"	SAMN13698522	SRX7477110	SRR10803228
GSE142712	GSM4238132	JMJ6-OE_H3K27me3_ChIPSeq_IP rep2	Solanum lycopersicum	Ailsa-Craig background	"[""develpmental stage: At 37 days after anthesis (dpa)"",""tissue: Pericarp"",""genotype: transgenic line (JMJ6-OE)"",""chip antibody: H3K27me3 (07-449, Millipore)""]"	SAMN13698521	SRX7477111	SRR10803229
GSE142712	GSM4238133	JMJ6-OE_H3K27me3_ChIPSeq_IP rep3	Solanum lycopersicum	Ailsa-Craig background	"[""develpmental stage: At 37 days after anthesis (dpa)"",""tissue: Pericarp"",""genotype: transgenic line (JMJ6-OE)"",""chip antibody: H3K27me3 (07-449, Millipore)""]"	SAMN13698520	SRX7477112	SRR10803230
GSE142712	GSM4238134	JMJ6-OE_H3K27me3_ChIPSeq_Input rep1	Solanum lycopersicum	Ailsa-Craig background	"[""develpmental stage: At 37 days after anthesis (dpa)"",""tissue: Pericarp"",""genotype: transgenic line (JMJ6-OE)"",""chip antibody: none""]"	SAMN13698519	SRX7477113	SRR10803231
GSE142712	GSM4238135	JMJ6-OE_H3K27me3_ChIPSeq_Input rep2	Solanum lycopersicum	Ailsa-Craig background	"[""develpmental stage: At 37 days after anthesis (dpa)"",""tissue: Pericarp"",""genotype: transgenic line (JMJ6-OE)"",""chip antibody: none""]"	SAMN13698518	SRX7477114	SRR10803232
GSE142712	GSM4238136	JMJ6-OE_H3K27me3_ChIPSeq_Input rep3	Solanum lycopersicum	Ailsa-Craig background	"[""develpmental stage: At 37 days after anthesis (dpa)"",""tissue: Pericarp"",""genotype: transgenic line (JMJ6-OE)"",""chip antibody: none""]"	SAMN13698517	SRX7477115	SRR10803233
GSE142712	GSM4238137	JMJ6-OE_GFP_ChIPSeq_IP rep1	Solanum lycopersicum	Ailsa-Craig background	"[""develpmental stage: At 37 days after anthesis (dpa)"",""tissue: Pericarp"",""genotype: transgenic line (JMJ6-OE)"",""chip antibody: GFP (ab290, Abcam)""]"	SAMN13698516	SRX7477116	SRR10803234
GSE142712	GSM4238138	JMJ6-OE_GFP_ChIPSeq_IP rep2	Solanum lycopersicum	Ailsa-Craig background	"[""develpmental stage: At 37 days after anthesis (dpa)"",""tissue: Pericarp"",""genotype: transgenic line (JMJ6-OE)"",""chip antibody: GFP (ab290, Abcam)""]"	SAMN13698515	SRX7477117	SRR10803235
GSE142712	GSM4238139	JMJ6-OE_GFP_ChIPSeq_IP rep3	Solanum lycopersicum	Ailsa-Craig background	"[""develpmental stage: At 37 days after anthesis (dpa)"",""tissue: Pericarp"",""genotype: transgenic line (JMJ6-OE)"",""chip antibody: GFP (ab290, Abcam)""]"	SAMN13698514	SRX7477118	SRR10803236
GSE142712	GSM4238140	JMJ6-OE_GFP_ChIPSeq_Input rep1	Solanum lycopersicum	Ailsa-Craig background	"[""develpmental stage: At 37 days after anthesis (dpa)"",""tissue: Pericarp"",""genotype: transgenic line (JMJ6-OE)"",""chip antibody: none""]"	SAMN13698513	SRX7477119	SRR10803237
GSE142712	GSM4238141	JMJ6-OE_GFP_ChIPSeq_Input rep2	Solanum lycopersicum	Ailsa-Craig background	"[""develpmental stage: At 37 days after anthesis (dpa)"",""tissue: Pericarp"",""genotype: transgenic line (JMJ6-OE)"",""chip antibody: none""]"	SAMN13698512	SRX7477120	SRR10803238
GSE142712	GSM4238142	JMJ6-OE_GFP_ChIPSeq_Input rep3	Solanum lycopersicum	Ailsa-Craig background	"[""develpmental stage: At 37 days after anthesis (dpa)"",""tissue: Pericarp"",""genotype: transgenic line (JMJ6-OE)"",""chip antibody: none""]"	SAMN13698511	SRX7477121	SRR10803239
GSE142713	GSM4238143	WT rep1	Solanum lycopersicum	Ailsa Craig	"[""developmental stage: At 37 days after anthesis (dpa)"",""tissue: Pericarp"",""genotype: wild type (WT)""]"	SAMN13698533	SRX7477122	SRR10803240
GSE142713	GSM4238144	WT rep2	Solanum lycopersicum	Ailsa Craig	"[""developmental stage: At 37 days after anthesis (dpa)"",""tissue: Pericarp"",""genotype: wild type (WT)""]"	SAMN13698532	SRX7477123	SRR10803241
GSE142713	GSM4238145	WT rep3	Solanum lycopersicum	Ailsa Craig	"[""developmental stage: At 37 days after anthesis (dpa)"",""tissue: Pericarp"",""genotype: wild type (WT)""]"	SAMN13698531	SRX7477124	SRR10803242
GSE142713	GSM4238146	JMJ6-OE rep1	Solanum lycopersicum	Ailsa Craig	"[""developmental stage: At 37 days after anthesis (dpa)"",""tissue: Pericarp"",""genotype: transgenic line (JMJ6-OE)""]"	SAMN13698530	SRX7477125	SRR10803243
GSE142713	GSM4238147	JMJ6-OE rep2	Solanum lycopersicum	Ailsa Craig	"[""developmental stage: At 37 days after anthesis (dpa)"",""tissue: Pericarp"",""genotype: transgenic line (JMJ6-OE)""]"	SAMN13698529	SRX7477126	SRR10803244;SRR10803245
GSE142713	GSM4238148	JMJ6-OE rep3	Solanum lycopersicum	Ailsa Craig	"[""developmental stage: At 37 days after anthesis (dpa)"",""tissue: Pericarp"",""genotype: transgenic line (JMJ6-OE)""]"	SAMN13698528	SRX7477127	SRR10803246
GSE163745	GSM4985033	CN1	Solanum lycopersicum	fruit pericarp	"[""genotype: Cnr/nor"",""ripening stage: MG""]"	SAMN17142455	SRX9721588	SRR13292593
GSE163745	GSM4985034	CN2	Solanum lycopersicum	fruit pericarp	"[""genotype: Cnr/nor"",""ripening stage: MG""]"	SAMN17142454	SRX9721589	SRR13292594
GSE163745	GSM4985035	CN3	Solanum lycopersicum	fruit pericarp	"[""genotype: Cnr/nor"",""ripening stage: MG""]"	SAMN17142448	SRX9721582	SRR13292595
GSE163745	GSM4985036	NC2	Solanum lycopersicum	fruit pericarp	"[""genotype: Cnr/nor"",""ripening stage: MG""]"	SAMN17142447	SRX9721583	SRR13292596
GSE163745	GSM4985037	CN4	Solanum lycopersicum	fruit pericarp	"[""genotype: Cnr/nor"",""ripening stage: RR""]"	SAMN17142446	SRX9721584	SRR13292597
GSE163745	GSM4985038	NC6	Solanum lycopersicum	fruit pericarp	"[""genotype: Cnr/nor"",""ripening stage: RR""]"	SAMN17142452	SRX9721585	SRR13292598
GSE163745	GSM4985039	CN5	Solanum lycopersicum	fruit pericarp	"[""genotype: Cnr/nor"",""ripening stage: RR""]"	SAMN17142451	SRX9721586	SRR13292599
GSE163745	GSM4985040	CN6	Solanum lycopersicum	fruit pericarp	"[""genotype: Cnr/nor"",""ripening stage: RR""]"	SAMN17142449	SRX9721587	SRR13292600
GSE267238	GSM8262807	A_35_1	Solanum lycopersicum	Fruit pericarp	"[""tissue: Fruit pericarp"",""genotype: wild-type (A)"",""Stage: mature green (35) stage""]"	SAMN41373386	SRX24527740	SRR29000609
GSE267238	GSM8262808	A_35_2	Solanum lycopersicum	Fruit pericarp	"[""tissue: Fruit pericarp"",""genotype: wild-type (A)"",""Stage: mature green (35) stage""]"	SAMN41373385	SRX24527741	SRR29000608
GSE267238	GSM8262809	A_35_3	Solanum lycopersicum	Fruit pericarp	"[""tissue: Fruit pericarp"",""genotype: wild-type (A)"",""Stage: mature green (35) stage""]"	SAMN41373384	SRX24527742	SRR29000607
GSE267238	GSM8262810	A_38_1	Solanum lycopersicum	Fruit pericarp	"[""tissue: Fruit pericarp"",""genotype: wild-type (A)"",""Stage: breaker (38) stage""]"	SAMN41373383	SRX24527743	SRR29000606
GSE267238	GSM8262811	A_38_2	Solanum lycopersicum	Fruit pericarp	"[""tissue: Fruit pericarp"",""genotype: wild-type (A)"",""Stage: breaker (38) stage""]"	SAMN41373382	SRX24527744	SRR29000605
GSE267238	GSM8262812	A_38_3	Solanum lycopersicum	Fruit pericarp	"[""tissue: Fruit pericarp"",""genotype: wild-type (A)"",""Stage: breaker (38) stage""]"	SAMN41373381	SRX24527745	SRR29000604
GSE267238	GSM8262813	cr_35_1	Solanum lycopersicum	Fruit pericarp	"[""tissue: Fruit pericarp"",""genotype: mutant (cr)"",""Stage: mature green (35) stage""]"	SAMN41373380	SRX24527746	SRR29000603
GSE267238	GSM8262814	cr_35_2	Solanum lycopersicum	Fruit pericarp	"[""tissue: Fruit pericarp"",""genotype: mutant (cr)"",""Stage: mature green (35) stage""]"	SAMN41373379	SRX24527747	SRR29000602
GSE267238	GSM8262815	cr_35_3	Solanum lycopersicum	Fruit pericarp	"[""tissue: Fruit pericarp"",""genotype: mutant (cr)"",""Stage: mature green (35) stage""]"	SAMN41373378	SRX24527748	SRR29000601
GSE267238	GSM8262816	cr_38_1	Solanum lycopersicum	Fruit pericarp	"[""tissue: Fruit pericarp"",""genotype: mutant (cr)"",""Stage: breaker (38) stage""]"	SAMN41373377	SRX24527749	SRR29000600
GSE267238	GSM8262817	cr_38_2	Solanum lycopersicum	Fruit pericarp	"[""tissue: Fruit pericarp"",""genotype: mutant (cr)"",""Stage: breaker (38) stage""]"	SAMN41373376	SRX24527750	SRR29000599
GSE267238	GSM8262818	cr_38_3	Solanum lycopersicum	Fruit pericarp	"[""tissue: Fruit pericarp"",""genotype: mutant (cr)"",""Stage: breaker (38) stage""]"	SAMN41373375	SRX24527751	SRR29000598
